"codigociudad","nombre"
MCK,"McCook, NE"
KSC,Kosice
ALV,Andorra La Vella
AUH,Abu Dhabi
DXB,Dubai
SHJ,Sharjah
KBL,Kabul
ANU,St. John's
AXA,The Valley
TIA,Tirana
EVN,Yerevan
BON,Bonaire
CUR,Curacao
EUX,St Eustatus
SAB,Saba Island
SXM,St Maarten
BUG,Benguela
LAD,Luanda
AEP,Buenos Aires
AFA,San Rafael
BHI,Bahia Blanca
BRC,San Carlos de Bariloche
BUE,Buenos Aires.
CNQ,Corrientes
COR,Cordoba
CPC,San Martin de los Andes
CRD,Como Rivadavia
EZE,Buenos Aires
FMA,Formosa
FTE,El Calafate
IGR,Iguazu
IRJ,La Rioja
JUJ,Jujuy
MDQ,Mar del Plata
MDZ,Mendoza
NQN,Neuquen
PSS,Posadas
REL,Trelew
RES,Resistencia
RGA,Rio Grande
RGL,Rio Gallegos
ROS,Rosario
RSA,Santa Rosa
SDE,Santiago del Estero
SFN,Santa Fe
SLA,Salta
TUC,Tucuman
UAQ,San Juan
USH,"Ushuaia, Tierra del Fuego"
VDM,Viedma
PPG,"Pago Pago, Tutuila"
GRZ,Graz
INN,Innsbruck
KLU,Klagenfurt
LNZ,Linz
SZG,Salzburg
VIE,Vienna
ABX,"Albury, N.S.W."
ADL,"Adelaide, S.A."
ARM,"Armidale, N.S.W."
ASP,"Alice Springs, N.T."
AVV,"Melbourne, Vic."
AYQ,"Ayers Rock, N.T."
BDB,"Bundaberg, Qld."
BHQ,"Broken Hill, N.S.W."
BHS,"Bathurst, N.S.W."
BME,"Broome, W.A."
BNE,"Brisbane, Qld."
BNK,"Ballina, N.S.W."
CBR,"Canberra, A.C.T."
CED,"Ceduna, S.A."
CFS,"Coffs Harbour, N.S.W."
CNS,"Cairns, Qld."
CPD,"Coober Pedy, S.A."
CTL,"Charleville, Qld."
DBO,"Dubbo, N.S.W."
DPO,"Devonport, Tas."
DRW,"Darwin, N.T."
EMD,"Emerald, Qld."
GFF,"Griffith, N.S.W."
GLT,"Gladstone, Qld."
GOV,"Gove, N.T."
HBA,"Hobart, Tas."
HID,"Horn Island, Qld."
HTI,"Hamilton Island, Whitsunday Island, Qld."
ISA,"Mount Isa, Qld."
KGC,"Kingscote, Kangaroo Island, S.A."
KGI,"Kalgoorlie, W.A."
KTA,"Karratha, W.A."
LRE,"Longreach, Qld."
LST,"Launceston, Tas."
MCY,SUNSHINE COAST
MEL,"Melbourne, Vic."
MGB,"Mount Gambier, S.A."
MIM,"Merimbula, N.S.W."
MKY,"Mackay, Qld."
MQL,"Mildura, Vic."
MRZ,"Moree, N.S.W."
MYA,"Moruya, N.S.W."
NAA,"Narrabri, N.S.W."
NRA,"Narrandera, N.S.W."
NTL,"Newcastle, N.S.W."
OAG,"Orange, N.S.W."
OLP,"Olympic Dam, S.A."
OOL,"Gold Coast, Qld."
PBO,"Paraburdoo, W.A."
PER,"Perth, W.A."
PHE,"Port Hedland, W.A."
PKE,"Parkes, N.S.W."
PLO,"Port Lincoln, S.A."
PPP,"Proserpine, Qld."
PQQ,"Port Macquarie, N.S.W."
PTJ,"Portland, Vic."
RMA,"Roma, Qld."
ROK,"Rockhampton, Qld."
SYD,"Sydney, N.S.W."
TMW,"Tamworth, N.S.W."
TSV,"Townsville, Qld."
WEI,"Weipa, Qld."
WGA,"Wagga-Wagga, N.S.W."
WYA,"Whyalla, S.A."
ZNE,"Newman, W.A."
AUA,Aruba
BAK,Baku
GYD,Baku
SJJ,Sarajevo
BGI,Bridgetown
BZL,Barisal
DAC,Dhaka
ANR,Antwerp
BRU,Brussels
ZYR,Bruselas
OUA,Ouagadougou
SOF,Sofia
VAR,Varna
BAH,Manama
BJM,Bujumbura
COO,Cotonou
BDA,Hamilton
BWN,Bandar Seri Begawan
CBB,Cochabamba
CIJ,Cobija
LPB,La Paz
POI,Potosi
PSZ,Puerto Suarez
SRE,Sucre
TJA,Tarija
VVI,Santa Cruz
AJU,Aracaju
BAU,Bauru
BEL,Belem
BFH,Curitiba
BHZ,Belo Horizonte
BPS,Porto Seguro
BSB,Brasilia
BZC,Buzios
CGB,Cuiaba
CGH,Sao Paulo
CGR,Campo Grande
CNF,Belo Horizonte
CWB,Curitiba
FLN,Florianopolis
FOR,Fortaleza
GIG,Rio de Janeiro
GRU,Sao Paulo
GYN,Goiania
IGU,Iguazu Falls
IOS,Ilheus
JOI,JOINVILLE
JPA,Joao Pessoa
LDB,Londrina
MAO,Manaus
MCP,Macapa
MCZ,Maceio
MII,Marilia
NAT,Natal
NVT,Navegante
PMW,Palmas
PNZ,Petrolina
POA,Porto Alegre
RBR,Rio Branco
REC,Recife
RIO,Rio de Janeiro
SAO,Sao Paulo
SDU,Rio de Janeiro
SJP,Sao Jose So Rio Preto
SLZ,Sao Luis
SSA,Salvador
UNA,Ila Comandatuba
VCP,SAO PAULO VIRACOP
VIX,Vitoria
ASD,Andros Town
ELH,North Eleuthera
FPO,"Freeport, Grand Bahama Island"
GGT,"George Town, Great Exuma Island"
GHB,"Governor's Harbour, Eleuthera Island"
LGI,"Deadmans Cay, Long Island"
MAY,"Mangrove Cay, Andros Island"
MHH,"Marsh Harbour, Abaco Island"
NAS,Nassau
NSB,"Alice Town, North Bimini Island"
PID,Nassau
RSD,Rock Sound
SAQ,San Andros
SML,"Stella Maris, Long Island"
TCB,"Treasure Cay, Abaco Island"
TZN,South Andros
ZSA,"Cockburn Town, San Salvador Island"
PBH,Paro
FRW,Francistown
GBE,Gabarone
MUB,Maun
MHP,Minsk
MSQ,Minsk
BZE,Belize City
DGA,Dangriga
PLJ,Placencia
PND,Punta Gorda
YAA,"Anahim Lake, BC"
YAM,"Sault Ste. Marie, ON"
YBC,"Baie-Comeau, PQ"
YBG,"Bagotville, PQ"
YBL,"Campbell River, BC"
YCD,"Nanaimo, BC"
YCG,"Castlegar, BC"
YDF,"Deer Lake, NF"
YEA,"Edmonton, AB"
YEG,"Edmonton, AB"
YEK,"Arviat, NWT"
YFB,"Iqaluit, Nunavut"
YFC,"Fredericton, NB"
YFO,"Flin Flon, MB"
YGK,"Kingston, ON"
YGP,"Gaspe, PQ"
YGR,"Cap-aux-Meules, Magdalens Islands, PQ"
YHD,"Dryden, ON"
YHM,"Hamilton, ON"
YHZ,"Halifax, NS"
YKA,"Kamloops, BC"
YLW,"Kelowna, BC"
YMM,"Fort McMurray, AB"
YMQ,"Montreal, PQ"
YMT,"Chibougamau, PQ"
YOW,"Ottawa, ON"
YPR,"Prince Rupert, BC"
YPW,"Powell River, BC"
YQB,"Quebec, PQ"
YQG,"Windsor, ON"
YQK,"Kenora, ON"
YQL,"Lethbridge, AB"
YQM,"Moncton, NB"
YQR,"Regina, SK"
YQT,"Thunder Bay, ON"
YQU,"Grande Prairie, AB"
YQX,"Gander, NF"
YQY,"Sydney, Cape Breton Island, NS"
YQZ,"Quesnel, BC"
YRJ,"Roberval, PQ"
YRL,"Red Lake, ON"
YRT,"Rankin Inlet, NWT"
YSB,"Sudbury, ON"
YSJ,"Saint John, NB"
YSM,"Fort Smith, NWT"
YTH,"Thompson, MB"
YTO,"Toronto, ON"
YTS,"Timmins, ON"
YTZ,"Toronto, ON"
YUL,"Montreal, PQ"
YUY,"Rouyn-Noranda, PQ"
YVO,"Val-d'Or, PQ"
YVR,"Vancouver, BC"
YWG,"Winnipeg, MB"
YWK,"Wabush, Labrador, NF"
YWL,"Williams Lake, BC"
YXC,"Cranbrook, BC"
YXE,"Saskatoon, SK"
YXH,"Medicine Hat, AB"
YXJ,"Fort Saint John, BC"
YXL,"Sioux Lookout, ON"
YXS,"Prince George, BC"
YXT,"Terrace, BC"
YXU,"London, ON"
YXX,"Abbotsford, BC"
YXY,"Whitehorse, YT"
YYB,"North Bay, ON"
YYC,"Calgary, AB"
YYD,"Smithers, BC"
YYE,"Fort Nelson, BC"
YYF,"Penticton, BC"
YYG,"Charlottetown, PEI"
YYJ,"Victoria, BC"
YYQ,"Churchill, MB"
YYT,"St. John's, NF"
YYY,"Mont-Joli, PQ"
YYZ,"Toronto, ON"
YZF,"Yellowknife, NWT"
YZP,"Sandspit, Queen Charlotte Islands, BC"
YZR,"Sarnia, ON"
YZT,"Port Hardy, BC"
YZV,"Sept-Iles, PQ"
BGF,Bangui
BZV,Brazzaville
ABJ,Abidjan
RAR,"Avarua, Rarotonga Island"
ANF,Antofagasta
ARI,Arica
BBA,Balmaceda
CCP,Concepcion
CJC,Calama
CPO,Copiapo
ESR,El Salvador
IPC,"Hanga Roa, Easter Island"
IQQ,Iquique
KNA,Viña del Mar
LSC,La Serena
PMC,Puerto Montt
PNT,Puerto Natales
PUQ,"Punta Arenas, Tierra del Fuego"
PUX,Puerto Varas
SCL,Santiago
TLX,Talca
VLR,Vallenar
WCA,Castro
YAI,Chillan
ZAL,Valdivia
ZCO,Temuco
ZOS,Osorno
ZPC,Pucon
ZUD,Ancud
DLA,Douala
NSI,Yaounde
YAO,Yaounde
BJS,Beijing
BPX,Bangda
CAN,Guangzhou
CGO,Zhengzhou
CGQ,Changchun
CSX,Changsha
CTU,Chengdu
DLC,Dalian
DLU,Dali City
DYG,Dayong
FOC,Fuzhou
HAK,"Haikou, Hainan Island"
HET,Hohhot
HFE,Hefei
HGH,Hangzhou
HLD,Hailar
HRB,Harbin
HSN,Zhoushan
JMU,Jiamusi
KHG,Kashi
KHN,Nanchang
KMG,Kunming
KWL,Guilin
LHW,Lanzhou
LJG,Lijiang City
LNJ,Lincang
LXA,"Lhasa, Tibet"
MDG,Mudanjiang
MIG,Mian Yang
NGB,Ningbo
NKG,Nanjing
NNG,Nanning
PEK,Beijing
PVG,Shanghai
SHA,Shanghai
SHE,Shenyang
SJW,Shijiazhuang
SWA,Shantou
SYX,Sanya
SZX,Shenzhen
TAO,Qingdao
TEN,Tongren
TSN,Tianjin
TYN,Taiyuan
URC,"Urumqi, Sinkiang"
WUH,Wuhan
XIC,Xichang
XIY,Xi'an
XMN,Xiamen
YNJ,Yanji
YNT,Yantai
ADZ,San Andres
AXM,Armenia
BAQ,Barranquilla
BGA,Bucaramanga
BOG,Bogota
CLO,Cali
CTG,Cartagena
CUC,CUCUTA
LET,Leticia
MDE,Medellin
MTR,MONTERIA
MZL,Manizales
PEI,Pereira
PVA,Provicencia
SMR,Santa Marta
VUP,Valledupar
LIR,Liberia
SJO,San Jose
BEG,Belgrade
HAV,Havana
RAI,Praia
SID,"Santa Maria, Sal Island"
LCA,Larnaca
NIC,Nicosia
PFO,Paphos
OSR,Ostrava
PRG,Prague
ACH,Altenrhein
BRN,Berne
BSL,Basel Mulhouse
GVA,Geneva
LUG,Lugano
ZRH,Zurich
BER,Berlin
BRE,Bremen
CGN,Cologne
DRS,Dresden
DTM,Dortmund
DUS,Dusseldorf
ERF,Erfurt
FDH,Friedrichshafen
FMO,Munster
FRA,Frankfurt
HAJ,Hannover
HAM,Hamburg
HOQ,Hof
KEL,Kiel
LEJ,Leipzig
MUC,Munich
NUE,Nuremberg
PAD,Paderborn
STR,Stuttgart
SXF,Berlin
THF,Berlin
TXL,Berlin
JIB,Djibouti
AAL,Aalborg
AAR,Aarhus
BLL,Billund
CPH,Copenhagen
EBJ,Esbjerg
KRP,Karup
RNN,Ronne
SGD,Sonderborg
DOM,Roseau
LRM,La Romana
POP,Puerto Plata
PUJ,Punta Cana
SDQ,Santo Domingo
STI,Santiago
AAE,Annaba
ALG,Algiers
CZL,Constantine
ORN,Oran
CUE,Cuenca
ESM,Esmeraldas
GPS,Galapagos IS
GYE,Guayaquil
LOH,Loja
SNC,Salinas
UIO,Quito
TLL,Tallinn
ALY,Alexandria
ASW,Aswan
CAI,Cairo
HBE,Alexandria
HRG,Hurghada
LXR,Luxor
SSH,Sharm El Sheikh
TCP,Taba
ASM,Asmara
ACE,"Arrecife, Lanzarote Island"
AGP,Malaga
ALC,Alicante
BCN,Barcelona
BIO,Bilbao
BJZ,Badajoz
EAS,San Sebastian
FUE,"Puerto del Rosario, Fuerteventura Island"
GRX,Granada
LCG,La Coruna
LEI,Almeria
LEN,Leon
LPA,"Las Palmas, Grand Canary Island"
MAD,Madrid
MAH,"Mao, Minorca"
MJV,Murcia
MLN,Melilla
OVD,Asturias
PMI,"Palma, Mallorca"
PNA,Pamplona
RJL,Logrono
SCQ,Santiago de Compostela
SDR,Santander
SVQ,Seville
TCI,Tenerife Metro
TFN,Tenerife Norte
TFS,Tenerife Reinasfi
VGO,Vigo
VIT,Vitoria
VLC,Valencia
VLL,Valladolid
XRY,Jerez de La Frontera
ZAZ,Zaragoza
ADD,Addis Ababa
JIJ,Jijiga
HEL,Helsinki
IVL,Ivalo
JYV,Jyvaskyla
KAJ,Kajaani
KOK,Kokkola
KTT,Kittila
KUO,Kuopio
MHQ,"Mariehamn, Aland"
OUL,Oulu
RVN,Rovaniemi
TKU,Turku
TMP,Tampere
VAA,Vaasa
NAN,Nadi
SUV,Suva
PNI,Pohnpei
TKK,Truk
YAP,Yap
AJA,"Ajaccio, Corsica"
BES,Brest
BIA,"Bastia, Corsica"
BIQ,Biarritz
BOD,Bordeaux
BVA,Beauvais
CDG,Paris
CFE,Clermont-Ferrand
CFR,Caen
CLY,"Calvi, Corsica"
FSC,"Figari, Corsica"
LAI,Lannion
LDE,Lourdes
LEH,Le Havre
LIG,Limoges
LIL,Lille
LRT,Lorient
LYS,Lyon
MLH,Mulhouse
MPL,Montpellier
MRS,Marseille
NCY,Annecy
NTE,Nantes
ORY,Paris
PAR,Paris
PGF,Perpignan
PUF,Pau
RDZ,Rodez
RNS,Rennes
SXB,Strasbourg
TLN,Toulon
TLS,Toulouse
UIP,Quimper
LBV,Libreville
ABZ,Aberdeen
BEB,Benbecula
BFS,Belfast
BHD,Belfast
BHX,Birmingham
BRS,Bristol
CAL,Campbeltown
CWL,Cardiff
DSA,Doncaster
EDI,Edinburgh
EMA,East Midlands
GLA,Glasgow
HUY,Humberside
ILY,Islay Island
INV,Inverness
JER,Jersey
KOI,"Kirkwall, Orkney Islands"
LBA,Leeds
LCY,London
LDY,Londonderry
LGW,London
LHR,London
LON,London
LPL,Liverpool
LSI,"Lerwick, Shetland Islands"
LTN,Luton
MAN,Manchester
MME,Teesside
NCL,Newcastle
NWI,Norwich
PIK,Glasgow
SOU,Southampton
STN,London
SYY,"Stornoway, Isle of Lewis"
TRE,Balephuil
WIC,Wick
GND,St. George's
TBS,Tbilisi
CAY,Cayenne
ACC,Accra
BJL,Banjul
CKY,Conakry
PTP,"Pointe-A-Pitre, Grande-Terre"
SBH,Gustavia
SSG,"Malabo, Bioko Island"
ATH,Athens
AXD,Alexandroupolis
CHQ,Chania
EFL,"Argostoli, Kefalonia Island"
HER,"Heraklion, Crete"
IOA,Ioannina
JIK,Ikaria Island
JKH,Chios
JMK,Mikonos
JTR,"Thira, Santorini Island"
KGS,Kos
MJT,"Mytilene, Lesbos Island"
RHO,Rhodes
SKG,Thessaloniki
FRS,Flores
GUA,Guatemala City
GUM,Agana
OXB,Bissau
GEO,Georgetown
HKG,Hong Kong
SAP,San Pedro Sula
TGU,Tegucigalpa
DBV,Dubrovnik
SPU,Split
ZAD,Zadar
ZAG,Zagreb
PAP,Port-au-Prince
BUD,Budapest
SOB,Balaton
BIK,"Biak, Papua"
BPN,"Balikpapan, Kalimantan"
CGK,"Jakarta, Java"
DPS,"Denpasar, Bali"
JKT,"Jakarta, Java"
JOG,"Yogyakarta, Java"
MES,"Medan, Sumatra"
PLM,"Palembang, Sumatra"
SUB,"Surabaya, Java"
UPG,"Ujung Pandang, Sulawesi"
DUB,Dublin
NOC,Connaught
ORK,Cork
SNN,Shannon
TLV,Tel Aviv
AMD,Ahmedabad
BLR,Bangalore
BOM,Mumbai (Bombay)
CCU,Calcutta
DEL,Delhi
HYD,Hyderabad
MAA,Chennai (Madras)
PNQ,Pune
PUT,Puttaparthi
VNS,Varanasi
BGW,Baghdad
ADU,Ardabil
IKA,TEHRAN KHOMEINI
TBZ,Tabriz
THR,Tehran
KEF,Reykjavik
REK,Reykjavik
RKV,Reykjavik
AHO,"Alghero, Sardinia"
ALL,Albenga
AOI,Ancona
AOT,Aosta
BDS,Brindisi
BLQ,Bologna
BRI,Bari
CAG,"Cagliari, Sardinia"
CIA,Rome
CRV,Crotone
CTA,"Catania, Sicily"
FCO,Rome
FLR,Florence
GOA,Genoa
LIN,Milan
MIL,Milan
MXP,Milan
NAP,Naples
OLB,"Olbia, Sardinia"
PEG,Perugia
PSA,Pisa
REG,Reggio di Calabria
RMI,Rimini
ROM,Rome
SUF,Lamezia Terme
TRN,Turin
TRS,Trieste
VCE,Venice
VRN,Verona
KIN,Kingston
KTP,Kingston
MBJ,Montego Bay
OCJ,Ocho Rios
AMM,Amman
AOJ,Aomori
ASJ,"Naze, Amami-O Island"
AXT,Akita
FKS,Fukushima
FUK,Fukuoka
GAJ,Yamagata
HIJ,HIROSHIMA
HKD,Hakodate
HND,Tokyo
HSG,Saga
ITM,Osaka
IWJ,Iwami
IZO,Izumo
KCZ,KOCHI
KIJ,Niigata
KIX,Osaka
KMI,Miyazaki
KMJ,Kumamoto
KOJ,Kagoshima
KUH,Kushiro
MMB,Memanbetsu
MSJ,Misawa
MYJ,Matsuyama
NGO,Nagoya
NGS,Nagasaki
NKM,Nagoya
NRT,Tokyo
NTQ,Wajima
OBO,Obihiro
OIT,Oita
OKA,OKINAWA
ONJ,Odate Noshiro
OSA,Osaka
SHM,Nanki Shirahama
SPK,SAPPORO
TAK,Takamatsu
TYO,Tokyo
MBA,Mombasa
NBO,Nairobi
FRU,Bishkek
PNH,Phnom Penh
HAH,Moroni
SKB,Basseterre
FNJ,Pyongyang
CJU,Jeju
GMP,Seoul
PUS,Busan
SEL,Seoul
TAE,Taegu
YNY,Yangyang
KWI,Kuwait
CYB,Cayman Brac
GCM,"Georgetown, Grand Cayman Island"
ALA,Almaty
KGF,Karaganda
KZO,Kzyl Orda
PLX,Semipalatinsk
TSE,Astana
UKK,Ust Kamenogorsk
VTE,Vientiane
BEY,Beirut
SLU,Castries
UVF,Vieux Fort
CMB,Colombo
ROB,Monrovia
MSU,Maseru
VNO,Vilnius
LUX,Luxembourg
RIX,Riga
TIP,Tripoli
AGA,Agadir
CMN,Casablanca
NDR,Nador
RAK,Marrakech
TNG,Tangier
KIV,Chisinau
TNR,Antananarivo
MAJ,Majuro
SKP,Skopje
BKO,Bamako
TOM,Tombouctou
RGN,Rangoon
ULN,Ulan Bator
SPN,Saipan
FDF,Fort-de-France
NKC,Nouakchott
MLA,Valletta
MRU,Mahebourg
MLE,Male
BLZ,Blantyre
LLW,Lilongwe
ACA,Acapulco
AGU,Aguascalientes
BJX,Leon
CEN,Ciudad Obregon
CJS,Ciudad Juarez
CLQ,Colima
CME,Ciudad Del Carmen
CPE,Campeche
CTM,Chetumal
CUL,Culiacan
CUN,Cancun
CUU,Chihuahua
CVM,Ciudad Victoria
CZM,Cozumel
DGO,Durango
GDL,Guadalajara
GYM,Guaymas
HMO,Hermosillo
JAL,Jalapa
LAP,La Paz
LOV,Monclova
LTO,Loreto
LZC,Lazaro Cardenas
MEX,Mexico City
MID,Merida
MLM,Morelia
MTY,Monterrey
MXL,Mexicali
MZT,Mazatlan
NLD,Nuevo Laredo
OAX,Oaxaca
PBC,Puebla
PDS,Piedras Negras
PVR,Puerto Vallarta
PXM,Puerto Escondido
QRO,Queretaro
REX,Reynosa
SJD,Los Cabos
SLP,San Luis Potosi
SLW,Saltillo
TAM,Tampico
TAP,Tapachula
TGZ,Tuxtla Gutierrez
TIJ,Tijuana
TLC,Toluca
TPQ,Tepic
TRC,Torreon
VER,Veracruz
VSA,Villahermosa
ZCL,Zacatecas
ZIH,Ixtapa
ZLO,Manzanillo
AOR,Alor Setar
BKI,"Kota Kinabalu, Sabah"
BTU,"Bintulu, Sarawak"
IPH,Ipoh
JHB,Johor Bahru
KBR,Kota Bharu
KCH,"Kuching, Sarawak"
KUL,Kuala Lumpur
LBP,Long Banga
LDU,"Lahad Datu, Sabah"
LGK,Langkawi
MYY,"Miri, Sarawak"
MZV,Mulu
PEN,"Penang, Penang Island"
SBW,"Sibu, Sarawak"
SDK,"Sandakan, Sabah"
TGG,Kuala Terengganu
TWU,"Tawau, Sabah"
MPM,Maputo
WDH,Windhoek
NOU,Noumea
NIM,Niamey
ABV,Abuja
IBA,Ibadan
LOS,Lagos
QRW,Warri
MGA,Managua
AMS,Amsterdam
EIN,Eindhoven
GRQ,Groningen
RTM,Rotterdam
AES,Aalesund
ALF,Alta
BGO,Bergen
BOO,Bodo
EVE,Evenes
HAU,Haugesund
HFT,Hammerfest
KRS,Kristiansand
LYR,"Longyearbyen, Svalbard"
NVK,Narvik
OSL,Oslo
SVG,Stavanger
TOS,Tromso
TRD,Trondheim
TRF,Sandefjord
KTM,Kathmandu
AKL,Auckland
BHE,Blenheim
CHC,Christchurch
DUD,Dunedin
GIS,Gisborne
HKK,Hokitika
HLZ,Hamilton
IVC,Invercargill
KAT,Kaitaia
KKE,Kerikeri
NPE,Napier
NSN,Nelson
ROT,Rotorua
TIU,Timaru
TRG,Tauranga
TUO,Taupo
WAG,Wanganui
WHK,Whakatane
WLG,Wellington
WRE,Whangarei
WSZ,Westport
ZQN,Queenstown
MCT,Muscat
PTY,Panama City
"000",Sin Destino
AC1,Aguas Calientes
ANS,Andahuaylas
AP,Apurimac
AQP,Arequipa
CIX,Chiclayo
CJA,Cajamarca
CO1,Colca
CUZ,Cusco
CHH,Chachapoyas
HRZ,Huaraz
HUU,Huanuco
HYO,Huancayo
ICA,Ica
IQT,Iquitos
JAU,JAUJA
JUL,Juliaca
LIM,Lima
LMD,La Merced
MC1,Mancora
MOQ,Moquegua
PA1,Paracas
PCL,Pucallpa
PEM,Puerto Maldonado
PIO,PISCO
PIU,Piura
PU,Puno
TBP,Tumbes
TCQ,Tacna
TPP,Tarapoto
TRU,Trujillo
TYL,Talara
VA1,Valle Sagrado
YMS,Yurimaguas
AHE,Ahe
PPT,"Papeete, Tahiti"
AGL,Wanigela
MAG,Madang
POM,Port Moresby
BCD,Bacolod
BXU,Butuan
CBO,Cotabato
CEB,Cebu
CGY,Cagayan de Oro
CRK,Angeles City
DGT,Dumaguete
DPL,Dipolog
DVO,Davao
GES,General Santos
ILO,Iloilo
KLO,Kalibo
LGP,Legaspi
MNL,Manila
NCP,Cubi Point Nas
PPS,Puerto Princesa
RXS,Roxas City
SFS,Subic Bay
TAC,Tacloban
TAG,Tagbilaran
ZAM,Zamboanga
ISB,Islamabad-Rawalpindi
KHI,Karachi
LHE,Lahore
PEW,Peshawar
BZG,Bydgoszcz
GDN,Gdansk
KRK,Krakow
KTW,Katowice
POZ,Poznan
RZE,Rzeszow
SZZ,Szczecin
WAW,Warsaw
WRO,Wroclaw
BQN,Aguadilla
SJU,San Juan
VQS,Vieques
FAO,Faro
FNC,Funchal
LIS,Lisbon
OPO,Porto
PDL,"Ponta Delgada, Sao Miguel Island"
PXO,Porto Santo
TER,"Angra do Heroismo, Terceira Island"
ROR,Koror
AGT,Ciudad del Este
ASU,Asuncion
DOH,Doha
RUN,Saint-Denis
ZSE,Saint-Pierre
BCM,Bacau
BUH,Bucharest
OTP,Bucharest
ARH,Arkhangelsk
DME,"Moscow Domodedovo, Rusia"
GOJ,Nizhniy Novgorod
IKT,"Irkutsk, Siberia"
KEJ,"Kemerovo, E Ural"
KGD,Kaliningrad
LED,St. Petersburg
MMK,Murmansk
MOW,Moscu
NNM,Naryan Mar
OMS,"Omsk, Siberia"
OVB,"Novosibirsk, Siberia"
PKC,"Petropavlovsk-Kamchatsky, Siberia"
ROV,Rostov
SVO,Moscow
SVX,"Ekaterinburg, Siberia"
VKO,Moscow
VOG,Volgograd
VVO,"Vladivostok, Siberia"
KGL,Kigali
DHA,Dhahran
DWD,Dawadmi
JED,Jeddah
RUH,Riyadh
HIR,"Honiara, Guadalcanal"
SEZ,"Victoria, Mahe Island"
KRT,Khartoum
AGH,Helsingborg
AJR,Arvidsjaur
ARN,Stockholm
BLE,Borlange
BMA,Stockholm
GOT,Gothenburg
HAD,Halmstad
HMV,Hemavan
JKG,Jonkoping
KID,Kristianstad
KLR,Kalmar
KRF,Kramfors
KRN,Kiruna
KSD,Karlstad
LPI,Linkoping
LYC,Lycksele
LLA,Lulea
MMA,Malmo
MMX,Malmo
NRK,Norrkoping
OER,Ornskoldsvik
ORB,Orebro
OSD,Ostersund
PJA,Pajala
RNB,Ronneby
SDL,Sundsvall
SFT,Skelleftea
SQO,Storuman
STO,Stockholm
UME,Umea
VHM,Vilhelmina
VST,Vasteras
VXO,Vaxjo
SIN,Singapore
LJU,Ljubljana
BTS,Bratislava
FNA,Freetown
DKR,Dakar
MGQ,Mogadishu
PBM,Paramaribo
TMS,Sao Tome Island
SAL,San Salvador
PLS,Providenciales Island
NDJ,N'Djamena
LFW,Lome
BFV,Buri Ram
BKK,Bangkok
CEI,Chiang Rai
CNX,Chiang Mai
HDY,Hat Yai
HGN,Mae Hong Son
HKT,Phuket
KBV,Krabi
KKC,Khon Kaen
NST,Nakhon Si Thammarat
TDX,Trat
THS,Sukhothai
TST,Trang
UBP,Ubon Ratchathani
UNN,Ranong
URT,Surat Thani
USM,Koh Samui
UTH,Udon Thani
UTP,Utapao
DYU,Dushanbe
ASB,Ashkhabad
DJE,Houmt Souk
MIR,Monastir
TUN,Tunis
ADA,Adana
ADF,Adiyaman
AYT,Antalya
DLM,Dalaman
ESB,Ankara
IST,Istanbul
SAW,Istanbul
SZF,Samsun
POS,Port of Spain
TAB,Tobago
HCN,Hengchun
HUN,Hualien
KHH,Kaohsiung
MFK,Matsu
RMQ,Taichung
TPE,Taipei
TSA,Taipei
ARK,Arusha
DAR,Dar es Salaam
ZNZ,Zanzibar
DNK,Dnepropetrovsk
DOK,Donetsk
HRK,Kharkov
KBP,Kiev
MPW,Mariupol
VSG,Lugansk
EBB,Entebbe
KLA,Kampala
ABE,"Allentown, PA"
ABI,"Abilene, TX"
ABQ,"Albuquerque, NM"
ABR,"Aberdeen, SD"
ABY,"Albany, GA"
ACK,"Nantucket, MA"
ACT,"Waco, TX"
ACV,"Eureka, CA"
ACY,"Atlantic City, NJ"
ADQ,"Kodiak, AK"
AEX,"Alexandria, LA"
AGS,"Augusta, GA"
AHN,"Athens, GA"
AIA,"Alliance, NE"
AKN,"King Salmon, AK"
ALB,"Albany, NY"
ALO,"Waterloo, IA"
ALS,"Alamosa, CO"
ALW,"Walla Walla, WA"
AMA,"Amarillo, TX"
ANC,"Anchorage, AK"
AOO,"Altoona, PA"
APF,"Naples, FL"
APN,"Alpena, MI"
ART,"Watertown, NY"
ASE,"Aspen, CO"
ATL,"Atlanta, GA"
ATW,"Appleton, WI"
ATY,"Watertown, SD"
AUG,"Augusta, ME"
AUS,"Austin, TX"
AVL,"Asheville, NC"
AVP,"Wilkes-Barre, PA"
AZO,"Kalamazoo, MI"
BBF,"Burlington, MA"
BDL,"Hartford, CT"
BED,"Bedford, MA"
BET,"Bethel, AK"
BFF,"Scottsbluff, NE"
BFL,"Bakersfield, CA"
BGM,"Binghamton, NY"
BGR,"Bangor, ME"
BHB,"Bar Harbor, ME"
BHM,"Birmingham, AL"
BIL,"Billings, MT"
BIS,"Bismarck, ND"
BJI,"Bemidji, MN"
BKW,"Beckley, WV"
BKX,"Brookings, SD"
BLF,"Bluefield, WV"
BLI,"Bellingham, WA"
BMG,"Bloomington, IN"
BMI,"Bloomington, IL"
BNA,"Nashville, TN"
BOI,"Boise, ID"
BOS,"Boston, MA"
BPT,"Beaumont, TX"
BQK,"Brunswick, GA"
BRL,"Burlington, IA"
BRO,"Brownsville, TX"
BRW,"Barrow, AK"
BTM,"Butte, MT"
BTR,"Baton Rouge, LA"
BTT,"Bettles, AK"
BTV,"Burlington, VT"
BUF,"Buffalo, NY"
BUR,"Burbank, CA"
BWI,"Baltimore, MD"
CAE,"Columbia, SC"
CAK,"Akron, OH"
CDV,"Cordova, AK"
CEF,"Springfield, MA"
CGI,"Cape Girardeau, MO"
CIC,"Chico, CA"
CID,"Cedar Rapids, IA"
CIU,"Sault Ste. Marie, MI"
CKB,"Clarksburg, WV"
CLD,"Carlsbad, CA"
CLE,"Cleveland, OH"
CLT,"Charlotte, NC"
CLU,"Columbus, IN"
CLL,"College Station, TX"
CMH,"Columbus, OH"
CMI,"Champaign, IL"
CMX,"Hancock, MI"
CNM,"Carlsbad, NM"
COD,"Cody, WY"
COS,"Colorado Springs, CO"
COU,"Columbia, MO"
CPR,"Casper, WY"
CRP,"Corpus Christi, TX"
CRW,"Charleston, WV"
CSG,"Columbus, GA"
CVG,"Cincinnati, OH"
CVN,"Clovis, NM"
CWA,"Wausau, WI"
CYS,"Cheyenne, WY"
CHA,"Chattanooga, TN"
CHI,"Chicago, IL"
CHO,"Charlottesville, VA"
CHS,"Charleston, SC"
DAB,"Daytona Beach, FL"
DAL,"Dallas, TX"
DAY,"Dayton, OH"
DBQ,"Dubuque, IA"
DCA,Washington DC
DDC,"Dodge City, KS"
DEC,"Decatur, IL"
DEN,"Denver, CO"
DFW,"Dallas, TX"
DHN,"Dothan, AL"
DIK,"Dickinson, ND"
DLG,"Dillingham, AK"
DLH,"Duluth, MN"
DRO,"Durango, CO"
DSM,"Des Moines, IA"
DTT,"Detroit, MI"
DTW,"Detroit, MI"
DUJ,"Du Bois, PA"
DUT,"Dutch Harbor, Un Island, AK"
DVL,"Devils Lake, ND"
EAR,"Kearney, NE"
EAT,"Wenatchee, WA"
EAU,"Eau Claire, WI"
EEK,"Eek, AK"
EFD,"Houston, TX"
EGE,"Vail, CO"
EKO,"Elko, NV"
ELD,"El Dorado, AR"
ELM,"Elmira, NY"
ELP,"El Paso, TX"
ENA,"Kenai, AK"
ERI,"Erie, PA"
ESC,"Escanaba, MI"
EVV,"Evansville, IN"
EWN,"New Bern, NC"
EWR,"Newark, NJ"
EYW,"Key West, FL"
FAI,"Fairbanks, AK"
FAR,"Fargo, ND"
FAT,"Fresno, CA"
FAY,"Fayetteville, NC"
FCA,"Kalispell, MT"
FLG,"Flagstaff, AZ"
FLO,"Florence, SC"
FLL,"Fort Lauderdale, FL"
FMN,"Farmington, NM"
FNT,"Flint, MI"
FOD,"Fort Dodge, IA"
FSM,"Fort Smith, AR"
FWA,"Fort Wayne, IN"
FYU,"Fort Yukon, AK"
GBD,"Great Bend, KS"
GCC,"Gillette, WY"
GCK,"Garden City, KS"
GDV,"Glendive, MT"
GEG,"Spokane, WA"
GFK,"Grand Forks, ND"
GGG,"Longview, TX"
GJT,"Grand Junction, CO"
GLH,"Greenville, MS"
GNV,"Gainesville, FL"
GPT,"Gulfport, MS"
GRB,"Green Bay, WI"
GRI,"Grand Island, NE"
GRK,"Killeen, TX"
GSO,"Greensboro, NC"
GSP,"Greenville, SC"
GTF,"Great Falls, MT"
GTR,"Columbus, MS"
GUC,"Gunnison, CO"
HGR,"Hagerstown, MD"
HHH,"Hilton Head Island, SC"
HIB,"Hibbing, MN"
HII,"Lake Havasu City, AZ"
HLN,"Helena, MT"
HNL,"Honolulu, Oahu, HI"
HNM,"Hana, Maui, HI"
HOB,"Hobbs, NM"
HOM,"Homer, AK"
HON,"Huron, SD"
HOT,"Hot Springs, AR"
HOU,"Houston, TX"
HRL,"Harlingen, TX"
HRO,"Harrison, AR"
HSV,"Huntsville, AL"
HTS,"Huntington, WV"
HVN,"New Haven, CT"
HVR,"Havre, MT"
HYA,"Hyannis, MA"
HYS,"Hays, KS"
IAD,Washington DC
IAH,"Houston, TX"
ICT,"Wichita, KS"
IDA,"Idaho Falls, ID"
IGM,"Kingman, AZ"
ILG,"Wilmington, DE"
ILM,"Wilmington, NC"
IMT,"Iron Mountain, MI"
IND,"Indianapolis, IN"
INL,"International Falls, MN"
IPL,"El Centro, CA"
IPT,"Williamsport, PA"
IRK,"Kirksville, MO"
ISN,"Williston, ND"
ISP,"Islip, NY"
ITH,"Ithaca, NY"
ITO,"Hilo, Hawaii"
IWD,"Ironwood, MI"
IYK,"Inyokern, CA"
JAC,"Jackson Hole, WY"
JAN,"Jackson, MS"
JAX,"Jacksonville, FL"
JBR,"Jonesboro, AR"
JFK,"New York, NY"
JHM,"Kapalua, Maui, HI"
JHW,"Jamestown, NY"
JLN,"Joplin, MO"
JMS,"Jamestown, ND"
JNU,"Juneau, AK"
JST,"Johnstown, PA"
KOA,"Kailua-Kona, Hawaii"
KTN,"Ketchikan, AK"
LAN,"Lansing, MI"
LAR,"Laramie, WY"
LAS,"Las Vegas, NV"
LAW,"Lawton, OK"
LAX,"Los Angeles, CA"
LBB,"Lubbock, TX"
LBE,"Latrobe, PA"
LBF,"North Platte, NE"
LBL,"Liberal, KS"
LCH,"Lake Charles, LA"
LEB,"Lebanon, NH"
LEW,"Lewiston, ME"
LEX,"Lexington, KY"
LFT,"Lafayette, LA"
LGA,"New York, NY"
LGB,"Long Beach, CA"
LIH,"Lihue, Kauai, HI"
LIT,"Little Rock, AR"
LMT,"Klamath Falls, OR"
LNK,"Lincoln, NE"
LNS,"Lancaster, PA"
LNY,"Lanai City, Lanai, HI"
LRD,"Laredo, TX"
LRU,"Las Cruces, NM"
LSE,"La Crosse, WI"
LUP,"Kalaupapa, Molokai, HI"
LWB,"Greenbrier, WV"
LWS,"Lewiston, ID"
LWT,"Lewistown, MT"
LYH,"Lynchburg, VA"
MAF,"Midland, TX"
MBL,"Manistee, MI"
MBS,"Saginaw, MI"
MCI,"Kansas City, MO"
MCN,"Macon, GA"
MCO,"Orlando, FL"
MCW,"Mason City, IA"
MDT,"Harrisburg, PA"
MDW,"Chicago, IL"
MEI,"Meridian, MS"
MEM,"Memphis, TN"
MFE,"McAllen, TX"
MFR,"Medford, OR"
MGM,"Montgomery, AL"
MGW,"Morgantown, WV"
MHK,"Manhattan, KS"
MHT,"Manchester, NH"
MIA,"Miami, FL"
MKE,"Milwaukee, WI"
MKG,"Muskegon, MI"
MKK,"Hoolehua, Molokai, HI"
MKL,"Jackson, TN"
MLB,"Melbourne, FL"
MLI,"Moline, IL"
MLS,"Miles City, MT"
MLU,"Monroe, LA"
MOB,"Mobile, AL"
MOD,"Modesto, CA"
MOT,"Minot, ND"
MQT,"Marquette, MI"
MRY,"Monterey, CA"
MSL,"Muscle Shoals, AL"
MSN,"Madison, WI"
MSO,"Missoula, MT"
MSP,"Minneapolis, MN"
MSS,"Massena, NY"
MSY,"New Orleans, LA"
MTJ,"Montrose, CO"
MUE,"Kamuela, Hawaii"
MVY,"Martha's Vineyard, MA"
MWA,"Marion, IL"
MWH,"Moses Lake, WA"
MYR,"Myrtle Beach, SC"
NYC,"New York, NY"
OAJ,"Jacksonville, NC"
OAK,"Oakland, CA"
OGG,"Kahului, Maui, HI"
OGS,"Ogdensburg, NY"
OKC,"Oklahoma City, OK"
OLF,"Wolf Point, MT"
OLU,"Columbus, NE"
OMA,"Omaha, NE"
OME,"Nome, AK"
ONT,"Ontario, CA"
OOK,"Toksook Bay, AK"
ORD,"Chicago, IL"
ORF,"Norfolk, VA"
ORL,"ORLANDO, FL"
OSH,"Oshkosh, WI"
OTH,"North Bend, OR"
OWB,"Owensboro, KY"
OXR,"Oxnard, CA"
PAH,"Paducah, KY"
PBI,"West Palm Beach, FL"
PDT,"Pendleton, OR"
PDX,"Portland, OR"
PFN,"Panama City, FL"
PGA,"Page, AZ"
PGV,"Greenville, NC"
PHF,"Newport News, VA"
PHL,"Philadelphia, PA"
PHX,"Phoenix, AZ"
PIA,"Peoria, IL"
PIB,"Laurel, MS"
PIE,"St. Petersburg, FL"
PIR,"Pierre, SD"
PIT,"Pittsburgh, PA"
PKB,"Parkersburg, WV"
PLB,"Plattsburgh, NY"
PLN,"Pellston, MI"
PNC,"Ponca City, OK"
PNS,"Pensacola, FL"
PQI,"Presque Isle, ME"
PRC,"Prescott, AZ"
PSC,"Pasco, WA"
PSM,"Portsmouth, NH"
PSP,"Palm Springs, CA"
PUB,"Pueblo, CO"
PUW,"Pullman, WA"
PVC,"Provincetown, MA"
PVD,"Providence, RI"
RAP,"Rapid City, SD"
RDD,"Redding, CA"
RDM,"Redmond, OR"
RDU,"Raleigh, NC"
RFD,"Rockford, IL"
RHI,"Rhinelander, WI"
RIC,"Richmond, VA"
RIW,"Riverton, WY"
RKD,"Rockland, ME"
RKS,"Rock Springs, WY"
RNO,"Reno, NV"
ROA,"Roanoke, VA"
ROC,"Rochester, NY"
ROW,"Roswell, NM"
RST,"Rochester, MN"
RUT,"Rutland, VT"
SAF,"Santa Fe, NM"
SAN,"San Diego, CA"
SAT,"San Antonio, TX"
SAV,"Savannah, GA"
SBA,"Santa Barbara, CA"
SBN,"South Bend, IN"
SBP,"San Luis Obispo, CA"
SBS,"Steamboat Springs, CO"
SBY,"Salisbury, MD"
SCE,"State College, PA"
SDF,"Louisville, KY, USA"
SDP,"Sand Point, AK"
SDY,"Sidney, MT"
SEA,"Seattle, WA"
SFO,"San Francisco, CA"
SGF,"Springfield, MO"
SGU,"St. George, UT"
SGY,"Skagway, AK"
SHD,"Shenandoah Valley Airport, VA"
SHR,"Sheridan, WY"
SHV,"Shreveport, LA"
SIT,"Sitka, AK"
SJC,"San Jose, CA"
SJT,"San Angelo, TX"
SLC,"Salt Lake City, UT"
SLK,"Saranac Lake, NY"
SLN,"Salina, KS"
SMF,"Sacramento, CA"
SMX,"Santa Maria, CA"
SNA,"Orange County, CA"
SOP,"Pinehurst, NC"
SPI,"Springfield, IL"
SPS,"Wichita Falls, TX"
SRQ,"Sarasota, FL"
STC,"St. Cloud, MN"
STL,"St. Louis, MO"
STS,"Santa Rosa, CA"
SUN,"Sun Valley, ID"
SUX,"Sioux City, IA"
SVC,"Silver City, NM"
SWF,"Newburgh, NY"
SYR,"Syracuse, NY"
TBN,"Fort Leonard Wood, MO"
TEX,"Telluride, CO"
TLH,"Tallahassee, FL"
TOL,"Toledo, OH"
TOP,"Topeka, KS"
TPA,"Tampa, FL"
TRI,"Tri-City Airport, TN"
TTN,"Trenton, NJ"
TUL,"Tulsa, OK"
TUP,"Tupelo, MS"
TUS,"Tucson, AZ"
TVC,"Traverse City, MI"
TVF,"Thief River Falls, MN"
TWF,"Twin Falls, ID"
TXK,"Texarkana, AR"
TYR,"Tyler, TX"
TYS,"Knoxville, TN"
UIN,"Quincy, IL"
UNK,"Unalakleet, AK"
VCT,"Victoria, TX"
VDZ,"Valdez, AK"
VIS,"Visalia, CA"
VLD,"Valdosta, GA"
VPS,"Fort Walton Beach, FL"
VSF,"Springfield, VT"
WAS,Washington DC
WDG,"Enid, OK"
WRG,"Wrangell, AK"
WRL,"Worland, WY"
WYS,"West Yellowstone, MT"
XNA,"Fayetteville, AR"
YAK,"Yakutat, AK"
YKM,"Yakima, WA"
YUM,"Yuma, AZ"
CYR,Colonia
MVD,Montevideo
PDP,Punta del Este
TAS,Tashkent
TMJ,Termez
SVD,Kingstown
CBL,Ciudad Bolivar
CCS,Caracas
LRV,Los Roques
MAR,Maracaibo
MRD,Merida
PCZ,Puerto La Cruz
PMV,Porlamar
PZO,Puerto Ordaz
VLN,Valencia
EIS,"Beef Island, Tortola"
SJF,St John
STT,"Charlotte Amalie, St. Thomas"
STX,"Christiansted, St. Croix"
BMV,Ban Me Thuot
DAD,Da Nang
DIN,Dien-Bien-Phu
HAN,Hanoi
HUI,Hue
PXU,Pleiku
SGN,Ho Chi Minh City (Saigon)
VII,Vinh City
VKG,Rach Gia
VLI,"Port Vila, Efate Island"
ADE,Aden
SAH,Sanaa
DZA,Dzaoudz
AAM,Mala Mala
BFN,Bloemfontein
CPT,Cape Town
DUR,Durban
ELS,East London
JNB,Johannesburg
MQP,Nelspruit
LUN,Lusaka
LVI,Livingstone
BUQ,Bulawayo
HRE,Harare
ZWE,Antwerp
EBL,Erbil
QJZ,Nantes
BEW,Beira
APL,Nampula
TET,Tete
VEL,"Vernal, UT"
ZVJ,ABU DHABI BUS STN
CHB,Chimbote
UDI,UBERLANDIA
IEV,Kiev
PVH,Porto Velho
XYD,Lyon Part Dieu
XZZ,Zaragoza Delicias
SNU,Santa Clara Cuba
BVB,Boa Vista
STM,Santarem
MAB,Maraba
XAP,Chapeco
JDO,Juazeiro Norte
MOC,Montes Claros
CXJ,Caxias Do Sul
ARU,Aracatuba
IPN,Ipatinga
UBA,Uberada
DAV,David
XDB,Lille
MZA,Mazamari
SRZ,Santa Cruz
FEN,Fernando de Noronha
RAO,RIBEIRAO PRETO
CKG,Chongqing
JZH,Songpan Jiuzhai Huanglong
IBZ,Ibiza
SPC,Santa Cruz
JOE,Joensuu
KSA,Kosrae
ETZ,Metz
NCE,Nice
URO,Rouen
BZO,Bolzano
PMO,"Palermo, Sicily"
CTS,Sapporo
KMQ,Komatsu
OKD,Sapporo
ICN,Seoul
KUA,Kuantan
GEA,Noumea
BDU,Bardufoss
LUA,Lukla
PMR,Palmerston North
AYP,Ayacucho
MA1,Manu
TA1,Tarma
MXX,Mora
VBY,Visby
DAM,Damascus
PHS,Phitsanulok
ADB,Izmir
LZN,Nangen
ODS,Odessa
EUG,"Eugene, OR"
FSD,"Sioux Falls, SD"
GRR,"Grand Rapids, MI"
HPN,"White Plains, NY"
PIH,"Pocatello, ID"
PWM,"Portland, ME"
RSW,"Fort Myers, FL"
KEM,KEMI
JTC,Bauru Arealva
JAE,Jaen
GIB,Gibraltar
RIA,Santa Maria
VTO,Vichayito
ANK,Ankara
XER,STRASBOURG BUS
UKY,Kyoto
DMM,Dammam
FBM,Lubumbashi
FIH,Kinshasa
FKI,Kisangani
GMA,Gemena
GOM,Goma
RCU,Rio Cuarto
XCR,PARIS CHALONS
QDU,Duesseldorf STA
IRP,Isiro Matari
ECP,"Panama City, FL"
VGA,Vijayawada
PQM,Palenque
TIF,Taif
KGA,Kananga
ZTH,Zakynthos Island
KIT,Kithira
SMI,Samos Island
AOK,Karpathos
PAS,Paros
KSJ,Kasos Island
KND,Kindu
SYZ,Shiraz
HPH,Catbi Haiphong
CAP,Cap Haitien
PHC,Port Harcourt
MDK,Mbandaka
MJM,Mbuji-Mayi
LJA,Lodja
ETM,Ramon International
CZU,COROZAL
OGL,Ogle
RIB,Riberalta
YHY,"Hay River, NT"
PRI,Praslin Island
KAN,Kano
WPU,Puerto Williams
LCE,La Ceiba
SCK,"Stockton, CA"
ZOR,Zorritos 
HDN,Hayden Yampa Valley
PSO,Pasto
MKC,"Kansas City, MO"
PCS,Pacasmayo
NLA,Ndola
TDD,Trinidad
EOH,Medellin
HUX,Huatulco
FMY,Fort Myers
SUL,Sullana
XQA,Sevilla Santa Justa
CTC,Catamarca
LUQ,San Luis
EQS,Esquel
MSE,Manston
UYU,Uyuni
IMP,Emperatriz
RBQ,Rurrenabaque
EJA,Barrancabermeja
CH1,CHINCHA
TRV,Thiruvananthapura
CAS,Casablanca
WNZ,Wenzhou
MBP,Moyobamba
HFD,Hartford
VTZ,Vishakhapatnam
FYV,Fayetteville
PTG,Polokwane
BLA,Barcelona
KUN,Kaunas
IOM,Isle of Man
DWC,Dubai  AL Maktoum
CND,CONSTANTA
VDC,Vitoria Conquista
PRA,Parana
UFA,UFA
SLI,Solwezi
DSS,Blaise Diagne Intl
PAG,Pagadian
PRE,Pore
CKS,Carajas
LYG,Lianyungang
AAQ,Anapa
SDV,Aeropuerto Sde Dov
ETH,Eilat
DMK,Don Mueang Int'l
YIH,Yichang
UDR,Udaipur
CGD,Changde
STH,Strathmore
BQL,Boulia
LPQ,Luang Prabang
SDJ,Sendai
CUM,Cumana
MEZ,Messina
MML,Marshall	
AID,Anderson
DUG,Douglas Bisbee
DGL,Douglas Municipal
PRY,Pretoria
PPB,Presidente Prudente
CAC,Cascavel
ARD,Alor Island
CLJ,Cluj Napoca
RLG,Rostock
OTY,Oria
RCB,Richards Bay
SKT,Sialkot
CMW,Camaguey
UPB,Playa Baracoa
BNS,Barinas
MOA,Moa
SZJ,Siguanea
LCL,La Coloma 
QPD,Pinar del Río 
UMA,Punta de Maisí  
QSN,Mayabeque 
USS,Sancti Spíritus 
VRA,Varadero
NBW,Leeward Point Field 
SNJ,Base Aérea de San Julian 
ICR,Nicaro
LMP,LAMPEDUSA
ILD,Lleida
ASR,KAYSERI
XPL,Comayahua
CHM,Chimbote
HVB,HERVEY BAY
ATA,ANTA
JRO,Kilimanjaro
BGY,Milan
PLZ,Port Elizabeth
EAP,Basel Mulhouse
YJE,Alicante Rail
RTB,Roatan
KUF,Samara
MPN,Mount Pleasant/ Falkland Island
SAC,"Sacramento, CA"
MAM,Matamoros
PAZ,Poza Rica
LMM,Los Mochis
LGQ,Lago Agrio
GOI,Goa
YJI,Bilbao Abando
BQZ,Badajoz Rail
YJH,San Sebastian Rail
YJG,Granada Rail
YJC,La Coruna Rail
EEU,Leon Rail Stn
XUT,Murcia Rail Mjv
YJL,Santander Rail St
YJR,Vigo Rail Stn Vgo
YJV,Valencia Rail
YJW,Jerez Raill 
VIJ,Virgin Gorda
MHC,Castro Mocopulli
COK,Kochi
THE,Teresina
ZFV,Philadelphia Rail
PFB,Passo Fundo
CCM,Criciuma
GVR,Governador Valadares
CZS,Cruzeiro Do Sul
JPR,Ji Parana
AAX,Araxa
BVH,Vilhena
IXE,Mangalore
KRR,Krasnodar
QKL,Cologne Main RR
OCC,Coca
NAV,Nevsehir
BCV,Belmopan
ILQ,ILO
CXR,Nhatrang Cam Ranh
XOC,Madrid Atocha
YJB,Barcelona Sants
ETR,Santa Rosa
UYN,Yulin
AER,Sochi
SLL,Salalah
SKX,SARANSK
LUL,LAUREL
NZC,Nasca
PET,Pelotas
PSE,Mercedita
FMI,Kalemie
IFN,Isfahan
HGA,Hargeisa
GYA,GUAYARAMERIN
PAE,Everett
CFU,Kerkyra
YQQ,Comox BC
PNL,Pantelleria
JTY,Astypalea Island
MLO,Milos
MAZ,Mayaguez
JSI,Skiathos
PIS,Poitiers
AUR,Aurillac
JJG,Jaguaruna
CPX,Culebra
SKU,Skiros
LRH,La Rochelle
DIY,DIYARBAKIR
SCY,San Cristobal
APO,Apartado
IBE,Ibague
NVA,Neiva
PUU,Puerto Asis
UIB,Quibdo
VVC,Villavicencio
EYP,El Yopal
PPN,Popayan
RCH,Riohacha
TCO,Tumaco
AUC,Arauca
RBA,Rabat
MTT,Minatitlan
YJM,Malaga Rail
VAG,Varginha
FLA,Florencia
XIV,Campo Grande Rail
MEC,Manta
TGI,Tingo Maria
EEP,Pamplona Rail
HAR,"Harrisburg, PA"
ORU,Oruro
YIW,Yiwu
BDQ,Vadodara
DED,Dehra Dun
JAI,Jaipur
XWG,Strasbourg
LUH,Lunahuana
ATQ,Amritsar
CCJ,Kozhikode
MMH,"Mammoth Lakes, CA"
EGO,Belgorod
MTS,MANZINI
SHO,Manzini King Mswati III
TGD,Podgorica
NHA,Nha Trang
REP,Siem Reap
CEK,Chelyabinsk
AUW,Wausau
RVM,Riviera Maya
PTA,Punta Sal 
BAR,Baru
PDC,Playa Del Carmen
MGF,Maringa
TIN,Tindouf
KZN,KAZAN
ZIA,ZHUKOVSKY
JUB,JUBA
BCA,Baracoa
BKY,Bukavu
BYM,Bayamo
CCC,Cayo Coco
BNC,Beni
CYO,Cayo Largo del sur
BWW,Cayo Santa Maria
BUX,Bunia
AVI,Ciego de Avila
CFG,Cienfuegos
GAO,Guantanamo
HOG,Holguin
VTU,Las Tunas
MZO,Manzanillo
GER,Nueva Gerona
SCU,Santiago de Cuba
TND,Trinidad
VDA,Ovda
ISL,Istanbul
BZN,"Bozeman, MT"
RHD,Rio Hondo
RGS,Burgos
JNX,Naxos
JSY,Syros Island
JKL,Kalymnos Island
PVK,Preveza Lefkas
ORH,Worcester
BVE,Brive La Gaillard
SON,Luganville
TAH,Tanna Island
JSH,Sitia
UET,Quetta
NPL,New Plymouth
PBG,"Plattsburgh, NY"
PTL,Punta Sal
CAB,Cabarete
COF,Cofresi
EPS,El Portillo
JDL,Juan Dolio
LTE,Las Terrenas
SAM,Samana
SSU,Sosua
UVE,Uvero Alto (Punta Cana)
MOÑ,Playa Montañitas
CEQ,CANNES
ANT,Antigua
ATI,Atitlan
CCH,Chichicastenango
COP,Copan
HAI,Haifa
NEG,Negril
RWB,Runaway Bay
WHE,Whitehouse
STK,St. Kitts
TGN,Tangier
AKU,Akumal
GJU,Guanajuato
ISM,Islas Mujeres
PVT,Puerto Aventuras (Riviera Maya)
TAX,Taxco
UXM,Uxmal
LN,Leon
MTL,Montelimar
AUK,Auckland
CNL,Canal De Panama
CRN,Coronado
OTD,Contadora
PYB,Playa Bonita
BOB,Bora Bora
MOZ,Moorea
XMH,Manihi
NIN,SINGAPUR
APC,Napa
IAG,Niagara Falls-New York
NEV,Nevada
NJY,New Jersey
OHI,Ohio
QHP,Hawaii (Oahu - Honolulu)
CCO,Cerro Colorado
PEP,Piriapolis
PGU,Panguipulli
SQX,Sao Miguel Das Missoes
EWP,Isla Grande (Hawaii)
PDR,Pinar Del Rio
VAL,Valparaiso
PYM,Playa Mujeres (adyacente a Cancun)
SPT,San Petersburgo
JUZ,Puerto Juarez (adyacente a Cancun)
VAS,Valle Sagrado
VLA,Villa La Angostura
SMA,San Miguel de Allende
ECT,El Chalten
FAJ,Santiago de Fajardo
GXQ,Coyhaique
MIT,Punta de Mita (Riviera Nayarit)
SVN,Savona
IDC,Isla de Coche
PNB,Peñas Blancas
TX,Texas
PDD,Porto Das Dunas (Beach Park)Ceara
JAP,Puntarenas
TSF,Treviso
CMA,Camarillo
CPB,Capurganá
MG,Michigan
BCT,Boca Raton
MZN,Manzanillo
ACL,Aguas Calientes
PNG,PARANAGUA
QFS,SAO FRANCISCO DO SUL
LQN,LIRQUEN
SVE,SAN VICENTE
THO,TALCAHUANO
VAP,VALPARAISO
CWN,CHIWAN
BUN,BUENAVENTURA
PCR,PUERTO CORTES
BSR,BASRA
YOK,YOKOHAMA
MLW,MONROVIA
PGO,PUERTO PROGRESO
CIO,CORINTO
SIE,SINES
ABA,ABAKAN
YWS,Whistler
QSR,Salerno
GUP,Guarapuava Paraná
QLI,Limassol
COL,Colca
NAZ,Nasca
TBU,TONGATAPU
IZM,ESMIRNA
FLX,FELIXSTOWE
BOL,HARTFORD
VAN,VANCOUVER
PBL,PUERTO CABELLO
APW,APIA
TAR,Tarma
ADP,Archipielago de las Perlas
GTW,Gregory Town
RYS,"Rio de Janeiro, Paraty, Sao Paulo"
LI*,Playa de Asia
BA1,Barranca
GCN,"Tusayan, Arizona"
OXA,Oxapampa
GFT,Gift Card
Z06,Sunny Isles Beach
Z02,Costa Mujeres (Quintana Roo)
Z04,Walt Disney Resort
Z05,Los Órganos
Z07,Imbassai
CAZ,Cenote Azul (Riviera Maya)
PCA,Pachuca
PC1,Pucallpa
GAN,Gandia
GSY,Gif-Sur-Yvette
AHZ,Alpe d'Huez
LID,Reggio Emilia
PAM,Pamplona
RAN,Ravenna
PHP,Phillipsburg
LPG,La Plata
MIS,Misiones
PMY,Puerto Madryn
CAM,Camboriu
CDS,Costa Do Sauipe
CLA,Canela
CQB,Canoa Quebrada - Ceara
GUR,Guaruja
ILH,Ilhabela
MGG,Maragogi
OUR,Ouro Preto (Minas Gerais)
PDF,Praia Das Fontes
PIP,Pipa
SAE,Santo Amaro Da Emperatriz
SSZ,Santos
SPR,San Pedro
XLV,Niagara Falls
CHG,Santa Cruz
SAA,San Pedro De Atacama
VNC,Valle Nevado
ZVC,Villarrica
ARE,Arenal  Montañas
GGP,Golfo De Papagayo
GJA,Guanacaste
MAT,Manuel Antonio
MLP,Mal Pais
SCS,San Carlos
STE,Santa Teresa
TMU,Tambor
TTQ,Tortuguero
CSM,Cayo Santa Maria
BNJ,Bonn
BAY,Bayahibe
YUC,Yucatán
CLV,Cleveland
GEN,Genova
LYA,Luoyang
MFM,Macau
RIV,Riva del Garda
OKL,Oklahoma City
AMF,Amalfi
QKB,Breckenridge
QQX,Bathwick
FOM,Fort Myers 
NVR,Nuevo Vallarta (Riviera Nayarit)
TUX,Tuxtla Gutierrez
BOC,Islas Bocas Del Toro
ONX,Colon
HUA,Huaraz
CYL,Cayo Largo
ATE,Ate
QPA,Padua
BGC,Bento Gonçalves
LHV,LE HAVRE
PRQ,PUERTO QUETZAL 
SPE,SPEZIA
YVA,MORONI
LAG,LA GUAIRA
CTW,CAPE TOWN
VFA,CATARATAS VICTORIA
CIV,Civitavecchia
MAP,Machu Picchu
CA*,Casma
STA,Satipo
Z03,Miami Beach
VTR,Vitrolles
PEÑ,Peñíscola
COM,"Como, Italia"
NAO,Naousa
DOR,Dortmund
HO5,Homestead
KAI,Waikoloa
SMO,Santa Monica
PEU,Peulla
PUC,Pucon 
PUY,Puyehue
TAL,Talca
FMG,Flamingo
MZU,Montezuma
SAR,Samara
TGM,Tango Mar
CYG,Cayo Guillermo
BCH,Boca Chica
GRD,Playa Grande
PGR,Rio San Juan
MAL,Malaga
SLM,Salamanca
AAZ,Quetzaltenango
NEW,Nueva Delhi
CVJ,Cuernavaca
PTZ,Patzcuaro
SCC,San Cristobal De Las Casas
GRA,Granada
PM1,Manu
RIG,Rio Grande
BJY,Belgrado
SAS,Sarasota
KAU,Kauai (Hawaii)
MAU,Maui (Hawaii)
URU,URUBAMBA
JDP,Moulineaux
VRZ,Veracruz PTY
PRO,Providence Costa Rica
ST,ST MAARTEN
CYY,Cafayate
OAU,Oahu
CAJ,Canaima
QBY,Quimbaya
MCM,Monaco
SRN,Sunrise
RVY,Riviera Nayarit
FAL,Farellones
XOU,Segovia
HBX,Holbox
IBB,IMBITUBA
SAI,SAN ANTONIO
CAU,CAUCEDO
DIR,DIRE DAWA
SFG,ST. MARTIN
JRS,JERUSALEM
ABD,ABADAN
KYE,TRIPOLI
ALT,ALTAMIRA
MRI,MATARANI
HOR,"HORTA, ISLAS AZORES"
BAI,Bali
MTH,Marathon
EHZ,Zelanda
WAR,Warnemunde
HAA,Haití
QLS,Lausanne
ALP,ALEPPO
PEF,EVERGLADES
NOR,NORFOLK
PEZ,PORT ELIZABETH
LOG,Los Organos
ABL,Pembroke Pines US
Z01,Bávaro (Punta Cana)
RRO,Sorrento
AMN,Americana
KAE,kake
PA,Palermo
ADR,Angra Dos Reis
BNU,Blumenau
GMD,Gramado
MOS,Morro De Sao Paulo
PGL,Porto De Galinhas
VIC,Vitoria
FRT,Frutillar
CON,Conchal
LIO,Limon
DDD,Atolon Dhaalu
ZAN,Zanzibar
SKO,Skopelos
RO,Roterdam
PPM,Pompano Beach
PMA,Playa Manzanillo
TNO,Tamarindo
CYE,Cayo Ensenachos
BEN,BENGHAZI
PAI,Paita
TSR,TIMISOARA
ASI,Asia
KOC,Kocasinan
FL,Puerto Canaveral
BTZ,Bursa
DE,Denizli
KYA,Konya
KWG,Fujikawaguchiko
TQO,Tulum
PCM,Playa del Carmen
NLU,Santa Lucía
ZHT,Geneva Rail ST
CCF,Carcassonne
HYN,Taizhou
NAM,Navi Mumbai
RWF,Redwood
UST,St. Augustine
XNB,ETIHAD BUS ST
HCA,Huancavelica
FDK,Frederick MD
ODB,Cordoba - España
GLE,Glenwood Springs
BJV,Bodrum
PAN,Navarra
ZWO,Zwolle
QQY,York
NAR,Narita
FEZ,FEZ
